"group","q","d","d_sd","d_lower","d_upper","e","e_lower","e_upper","sample","condition"
"A.HD",0,176.95,1.54578369644039,173.920319627088,179.979680372912,1,0.982878325103632,1.01712167489637,"HD_32M","ki67+memory_CD4"
"A.HD",1,176.088375502857,2.26713681397438,171.644868999443,180.531882006272,0.995130689476447,0.970019039273482,1.02024233967941,"HD_32M","ki67+memory_CD4"
"A.HD",2,174.649352367674,3.61689380992606,167.560370764313,181.738333971035,0.98699831798629,0.946936257498237,1.02706037847434,"HD_32M","ki67+memory_CD4"
"A.HD",0,177.775,1.10475218349396,175.60972550851,179.94027449149,1,0.987820140675066,1.01217985932493,"HD_35F","ki67+memory_CD4"
"A.HD",1,177.298396881002,1.537138390289,174.285660996781,180.311132765222,0.997319065566034,0.980372161421918,1.01426596971015,"HD_35F","ki67+memory_CD4"
"A.HD",2,176.543479155549,2.2379514750663,172.157174865271,180.929783445827,0.993072587009136,0.968399239855272,1.017745934163,"HD_35F","ki67+memory_CD4"
"A.HD",0,177.51,1.37453509728502,174.815960713835,180.204039286165,1,0.984823168913498,1.0151768310865,"HD_36M","ki67+memory_CD4"
"A.HD",1,176.913998655912,1.96948784875414,173.053873404364,180.774123907459,0.996642435107383,0.974896475716096,1.01838839449867,"HD_36M","ki67+memory_CD4"
"A.HD",2,175.949346578958,3.04362575832174,169.983949710229,181.914743447687,0.991208081679672,0.957602105291136,1.02481405806821,"HD_36M","ki67+memory_CD4"
"C.HD",0,178.06,0.98552335406475,176.12840972011,179.99159027989,1,0.989152025834606,1.01084797416539,"NC-13F","ki67+memory_CD4"
"C.HD",1,177.693997927326,1.37566947206304,174.997735307451,180.390260547201,0.997944501445166,0.982802062829672,1.01308694006066,"NC-13F","ki67+memory_CD4"
"C.HD",2,177.113563730565,2.01110284480041,173.17187458555,181.055252875579,0.994684733969249,0.972547874792484,1.01682159314601,"NC-13F","ki67+memory_CD4"
"MIS-C",0,173.685,2.30920704700329,169.159037355027,178.210962644973,1,0.973941545643133,1.02605845435687,"Y111-1","ki67+memory_CD4"
"MIS-C",1,171.487592706087,3.39970808794113,164.824287295772,178.150898116401,0.987348318542687,0.948984007230172,1.0257126298552,"Y111-1","ki67+memory_CD4"
"MIS-C",2,167.906281390088,5.41921384770922,157.284817424057,178.527745356119,0.966728741054715,0.905575135584865,1.02788234652456,"Y111-1","ki67+memory_CD4"
"MIS-C",0,176.705,1.40278796343273,173.955586113726,179.454413886274,1,0.984440655973094,1.01555934402691,"Y113-1","ki67+memory_CD4"
"MIS-C",1,175.760951430509,2.03546214388939,171.771518936592,179.750383924427,0.994657488076225,0.972080693452882,1.01723428269957,"Y113-1","ki67+memory_CD4"
"MIS-C",2,174.213581177565,3.18440341678269,167.972265168425,180.454897186706,0.985900688591525,0.950580148656943,1.02122122852611,"Y113-1","ki67+memory_CD4"
"MIS-C",0,173.975,2.10153688676458,169.856063389759,178.093936610241,1,0.976324548870579,1.02367545112942,"Y117-1","ki67+memory_CD4"
"MIS-C",1,171.760216277886,3.16746493751331,165.552099078066,177.968333477705,0.987269528828199,0.951585567340516,1.02295349031588,"Y117-1","ki67+memory_CD4"
"MIS-C",2,167.963787991951,5.37188754609186,157.435081872611,178.49249411129,0.965447840160659,0.904929339690251,1.02596634063107,"Y117-1","ki67+memory_CD4"
"MIS-C-R",0,177.31,1.29703953593903,174.767849223035,179.852150776965,1,0.985662676797896,1.0143373232021,"Y117-R","ki67+memory_CD4"
"MIS-C-R",1,176.605944895472,1.87614292473138,172.928772333149,180.283117457795,0.996029241979989,0.975290577706552,1.01676790625343,"Y117-R","ki67+memory_CD4"
"MIS-C-R",2,175.442833762879,2.90709888449986,169.745024649762,181.140642875995,0.989469481489361,0.957334750717739,1.02160421226098,"Y117-R","ki67+memory_CD4"
"MIS-C",0,178.51,0.750142365047593,177.039747981229,179.980252018771,1,0.991763755426749,1.00823624457325,"Y124-1","ki67+memory_CD4"
"MIS-C",1,178.314782183976,1.06358933885179,176.230185385486,180.399378982466,0.998906404033252,0.987228644812535,1.01058416325397,"Y124-1","ki67+memory_CD4"
"MIS-C",2,178.00021818593,1.5920771636741,174.87980428452,181.12063208734,0.997144239459583,0.979663908377795,1.01462457054137,"Y124-1","ki67+memory_CD4"
"MIS-C-R",0,178.21,0.932872583090213,176.381603334978,180.038396665022,1,0.989740212866721,1.01025978713328,"Y124-R","ki67+memory_CD4"
"MIS-C-R",1,177.89756377254,1.32522468479459,175.300171118919,180.494956426161,0.998246808666965,0.983671910212216,1.01282170712171,"Y124-R","ki67+memory_CD4"
"MIS-C-R",2,177.397531606278,1.98508707588715,173.506832431364,181.288230781193,0.995440949476899,0.973608845919777,1.01727305303402,"Y124-R","ki67+memory_CD4"
"MIS-C",0,178.595,0.680655167677755,177.260940385461,179.929059614539,1,0.992530252165293,1.00746974783471,"Y125-1","ki67+memory_CD4"
"MIS-C",1,178.436765556917,0.950100255098101,176.574603275223,180.298927838612,0.999114004070199,0.988687271621393,1.00954073651901,"Y125-1","ki67+memory_CD4"
"MIS-C",2,178.184763491687,1.38988337040698,175.460642142978,180.908884840395,0.997702978760249,0.982449912612211,1.01295604490829,"Y125-1","ki67+memory_CD4"
"MIS-C",0,177.935,1.06132324726064,175.854844659414,180.015155340586,1,0.988309465026071,1.01169053497393,"Y127-1","ki67+memory_CD4"
"MIS-C",1,177.482056009481,1.57572772887559,174.393686411443,180.570425607518,0.997454441281819,0.980097712150186,1.01481117041345,"Y127-1","ki67+memory_CD4"
"MIS-C",2,176.71100987573,2.62715388229857,171.56188288458,181.860136866879,0.993121139043638,0.964182891980666,1.02205938610661,"Y127-1","ki67+memory_CD4"
"C.HD",0,177.49,1.1861427710722,175.165202888176,179.814797111824,1,0.986901813556685,1.01309818644332,"Y28-2","ki67+memory_CD4"
"C.HD",1,176.858860845934,1.74968737167104,173.429536613255,180.288185078614,0.996444086122792,0.977122861080932,1.01576531116465,"Y28-2","ki67+memory_CD4"
"C.HD",2,175.805886904778,2.82649223343199,170.266063924669,181.345709884887,0.990511504337023,0.959299475602396,1.02172353307165,"Y28-2","ki67+memory_CD4"
"C.HD",0,178.21,0.842286908470567,176.559147994748,179.860852005252,1,0.990736479404905,1.0092635205951,"Y28-4","ki67+memory_CD4"
"C.HD",1,177.888919829667,1.20951728904574,175.518309504459,180.259530154875,0.998198304414271,0.984895962653381,1.01150064617516,"Y28-4","ki67+memory_CD4"
"C.HD",2,177.364909876342,1.85115586184089,173.736711057364,180.99310869532,0.995257897291634,0.974898777045978,1.01561701753729,"Y28-4","ki67+memory_CD4"
"C.HD",0,178.71,0.589608506514936,177.554388562252,179.865611437748,1,0.993533593879762,1.00646640612024,"Y29-2","ki67+memory_CD4"
"C.HD",1,178.585844749926,0.87442678277105,176.871999748577,180.299689751274,0.999305269710288,0.989715179612653,1.00889535980792,"Y29-2","ki67+memory_CD4"
"C.HD",2,178.374020650048,1.42897094267203,175.573289067457,181.17475223264,0.998119974540028,0.982448039099417,1.01379190998064,"Y29-2","ki67+memory_CD4"
"C.HD",0,177.805,1.18490293900993,175.482632914365,180.127367085635,1,0.986938685157138,1.01306131484286,"Y54-4","ki67+memory_CD4"
"C.HD",1,177.330580170443,1.68330740341868,174.031358284833,180.629802056054,0.997331797027324,0.978776515198296,1.01588707885635,"Y54-4","ki67+memory_CD4"
"C.HD",2,176.571108719599,2.52458887425844,171.623005450282,181.519211988916,0.993060424170294,0.965231604568387,1.0208892437722,"Y54-4","ki67+memory_CD4"
"C.HD",0,177.05,1.4861166554372,174.137264878518,179.962735121482,1,0.98354851668183,1.01645148331817,"Y70-4","ki67+memory_CD4"
"C.HD",1,176.240452764039,2.16297753012665,172.001094705622,180.479810822457,0.995427578446988,0.971483166933756,1.01937198996022,"Y70-4","ki67+memory_CD4"
"C.HD",2,174.906320312774,3.38370144223321,168.274387351561,181.538253273987,0.987892235598836,0.950434269141827,1.02535020205584,"Y70-4","ki67+memory_CD4"
"A.HD",0,178.115,0.851705354010559,176.445688180699,179.784311819301,1,0.990627898721047,1.00937210127895,"HA5876","ki67+memory_CD4"
"A.HD",1,177.765777456919,1.19365590301029,175.426254877085,180.105300036753,0.998039342317709,0.984904443068158,1.01117424156726,"HA5876","ki67+memory_CD4"
"A.HD",2,177.206118979953,1.76414527813128,173.748457771319,180.663780188586,0.994897223591234,0.975484702418769,1.0143097447637,"HA5876","ki67+memory_CD4"
"A.HD",0,178.52,0.657083551741975,177.232139903752,179.807860096248,1,0.992785905801883,1.00721409419812,"HA5877","ki67+memory_CD4"
"A.HD",1,178.323514215475,0.987063053150325,176.388906180831,180.25812225012,0.998899362623097,0.98806243659439,1.0097362886518,"HA5877","ki67+memory_CD4"
"A.HD",2,177.993338768829,1.71981410005665,174.622565072614,181.364112465044,0.997049847461512,0.97816807681276,1.01593161811026,"HA5877","ki67+memory_CD4"
"A.HD",0,177.69,1.22121119546113,175.296470039379,180.083529960621,1,0.986529743032129,1.01347025696787,"HA5894","ki67+memory_CD4"
"A.HD",1,177.124935120708,1.80946382080366,173.578451200604,180.671419040811,0.996819939899307,0.976861113178032,1.01677876662058,"HA5894","ki67+memory_CD4"
"A.HD",2,176.16650822579,2.91731723185174,170.448671519882,181.884344931697,0.991426125419492,0.959247405705904,1.02360484513308,"HA5894","ki67+memory_CD4"
"A.HD",0,178.56,0.699173956255185,177.189644226811,179.930355773189,1,0.9923255165032,1.0076744834968,"HA5952","ki67+memory_CD4"
"A.HD",1,178.373148541956,1.01859739216933,176.376734338558,180.369562745355,0.998953564863107,0.98777292976343,1.01013419996278,"HA5952","ki67+memory_CD4"
"A.HD",2,178.05957505085,1.5934890873218,174.936393829942,181.182756271758,0.99719744092098,0.9797065066641,1.01468837517786,"HA5952","ki67+memory_CD4"
"A.HD",0,178.25,0.84324093613979,176.597278134876,179.902721865124,1,0.990728068077847,1.00927193192215,"HA5953","ki67+memory_CD4"
"A.HD",1,177.961972255818,1.17031841697467,175.668190308104,180.255754203532,0.99838413607752,0.985515794154859,1.01125247800018,"HA5953","ki67+memory_CD4"
"A.HD",2,177.509026088325,1.69294179773496,174.190921136841,180.827131039808,0.995843063609114,0.977228169070639,1.01445795814759,"HA5953","ki67+memory_CD4"
"A.HD",0,177.565,1.24237372087128,175.129992251753,180.000007748247,1,0.9862866682722,1.0137133317278,"HA5957","ki67+memory_CD4"
"A.HD",1,177.006985732622,1.7354473741585,173.605571382207,180.408400083038,0.996857408456747,0.977701525538293,1.0160132913752,"HA5957","ki67+memory_CD4"
"A.HD",2,176.125020300358,2.53556395607002,171.155406265963,181.094634334754,0.991890408021617,0.963902831447432,1.0198779845958,"HA5957","ki67+memory_CD4"
"A.HD",0,176.63,1.63906456959956,173.417492475249,179.842507524751,1,0.981812220320723,1.01818777967928,"C27","ki67+memory_CD4"
"A.HD",1,175.614391091139,2.41520372037357,170.880678783879,180.348103398398,0.994250076946943,0.967449916683911,1.02105023720998,"C27","ki67+memory_CD4"
"A.HD",2,173.889845447872,3.97994346293602,166.089299600012,181.690391295732,0.984486471425419,0.940323272377351,1.02864967047349,"C27","ki67+memory_CD4"
"A.HD",0,172.295,3.07983798438331,166.25862847239,178.33137152761,1,0.96496490596007,1.03503509403993,"C32","ki67+memory_CD4"
"A.HD",1,169.003284958911,4.87796466205644,159.442649903421,178.563920014401,0.98089488934044,0.925404973466562,1.03638480521432,"C32","ki67+memory_CD4"
"A.HD",2,163.090600141803,8.65901975052963,146.119233289344,180.061966994263,0.946577672839046,0.848075877357697,1.0450794683204,"C32","ki67+memory_CD4"
"A.HD",0,176.68,1.72116590144632,173.306576821747,180.053423178253,1,0.98090659283307,1.01909340716693,"C33","ki67+memory_CD4"
"A.HD",1,175.636764385274,2.72680171216047,170.292331236457,180.981197534091,0.994095338381674,0.963846112952555,1.02434456381079,"C33","ki67+memory_CD4"
"A.HD",2,173.799130849873,4.97167316531496,164.054830502951,183.543431196794,0.983694424099347,0.928542169475612,1.03884667872308,"C33","ki67+memory_CD4"
"A.HD",0,176.485,1.67445333462872,173.203131770335,179.766868229665,1,0.981404265350226,1.01859573464977,"C39","ki67+memory_CD4"
"A.HD",1,175.287284709737,2.63904315716887,170.114855168039,180.459714251434,0.993213500919265,0.963905460339625,1.02252154149891,"C39","ki67+memory_CD4"
"A.HD",2,173.108398659741,4.80278482278511,163.695113381587,182.521683937895,0.980867488226994,0.927529894220963,1.03420508223303,"C39","ki67+memory_CD4"
"COVID19",0,177.355,1.27951584750643,174.847195021239,179.862804978761,1,0.985859970236188,1.01414002976381,"NS0A","ki67+memory_CD4"
"COVID19",1,176.629329143078,1.91521641746979,172.875573942237,180.383084343919,0.995908371024656,0.974743164513193,1.01707357753612,"NS0A","ki67+memory_CD4"
"COVID19",2,175.384141628006,3.14369056213387,169.222621347686,181.545661908327,0.988887494730944,0.954146324308227,1.02362866515366,"NS0A","ki67+memory_CD4"
"COVID19",0,172.45,2.47753727616233,167.594116168366,177.305883831634,1,0.971841787001255,1.02815821299875,"NS0B","ki67+memory_CD4"
"COVID19",1,168.73188456617,4.1994650802949,160.501084254458,176.962684877882,0.978439458197565,0.930710839399585,1.02616807699554,"NS0B","ki67+memory_CD4"
"COVID19",2,161.366614982285,8.49088360058131,144.724788928223,178.008441036346,0.935729863625889,0.839227538000716,1.03223218925106,"NS0B","ki67+memory_CD4"
"COVID19",0,178.1,1.05620920723464,176.02986799368,180.17013200632,1,0.988376574922406,1.01162342507759,"NS1A","ki67+memory_CD4"
"COVID19",1,177.740678140218,1.50941088638227,174.782287165036,180.6990691154,0.99798247130948,0.981371629225359,1.0145933133936,"NS1A","ki67+memory_CD4"
"COVID19",2,177.160191504654,2.29955748448528,172.653141654683,181.667241354625,0.994723141519674,0.969416853760153,1.02002942927919,"NS1A","ki67+memory_CD4"
"COVID19",0,177.69,1.24968337698537,175.24066558903,180.13933441097,1,0.986215687934213,1.01378431206579,"NS1B","ki67+memory_CD4"
"COVID19",1,177.139145464092,1.84120584081592,173.530448327968,180.747842600216,0.996899912567348,0.976590963633114,1.01720886150158,"NS1B","ki67+memory_CD4"
"COVID19",2,176.216534962258,2.95223018081519,170.430270133788,182.002799790728,0.991707664822209,0.959143846776906,1.02427148286751,"NS1B","ki67+memory_CD4"
"COVID19",0,173.185,2.43937033641695,168.403921995667,177.966078004333,1,0.972393232645249,1.02760676735475,"TP8B","ki67+memory_CD4"
"COVID19",1,170.711825504762,3.613696663341,163.629110193561,177.794540815963,0.985719464761741,0.944822647420742,1.02661628210274,"TP8B","ki67+memory_CD4"
"COVID19",2,166.608860589256,5.89434773633065,155.056151313692,178.161569864819,0.962028239104169,0.895320907201503,1.02873557100684,"TP8B","ki67+memory_CD4"
"COVID19",0,175.14,2.33616960904192,170.561191704501,179.718808295499,1,0.973856296131671,1.02614370386833,"TS2A","ki67+memory_CD4"
"COVID19",1,172.821981761835,4.2684055695594,164.456060574088,181.187902949581,0.986764769680454,0.938997719390705,1.0345318199702,"TS2A","ki67+memory_CD4"
"COVID19",2,167.921937107353,9.3006713254068,149.692956277511,186.150917937195,0.958786896810283,0.854704557939427,1.06286923568114,"TS2A","ki67+memory_CD4"
"COVID19",0,176.23,1.86937766765349,172.566087097896,179.893912902104,1,0.979209482482527,1.02079051751747,"TS2B","ki67+memory_CD4"
"COVID19",1,175.044085805402,2.76853885924319,169.617849351486,180.470322259318,0.993270645210247,0.962479994050307,1.02406129637019,"TS2B","ki67+memory_CD4"
"COVID19",2,173.036018397502,4.5372180949146,164.143234341466,181.928802453538,0.981876061950304,0.931414823477648,1.03233730042296,"TS2B","ki67+memory_CD4"
"COVID19",0,175.5,2.03240086260847,171.516567507139,179.483432492861,1,0.977302378958058,1.02269762104194,"TS3A","ki67+memory_CD4"
"COVID19",1,173.916860233007,3.0994014643791,167.842144989194,179.991575476821,0.990979260586937,0.956365498513924,1.02559302265995,"TS3A","ki67+memory_CD4"
"COVID19",2,171.162645582695,5.27934990584851,160.815309905447,181.509981259943,0.975285729815926,0.91632655216779,1.03424490746406,"TS3A","ki67+memory_CD4"
"COVID19",0,176.425,1.54801704897575,173.390942336554,179.459057663446,1,0.982802563902812,1.01719743609719,"TS3B","ki67+memory_CD4"
"COVID19",1,175.394561678721,2.22714103037184,171.029445470701,179.759677886741,0.994159340675761,0.969417290467343,1.01890139088418,"TS3B","ki67+memory_CD4"
"COVID19",2,173.741668475026,3.41725754289145,167.043966765061,180.439370184991,0.984790525577588,0.946827075329805,1.02275397582537,"TS3B","ki67+memory_CD4"
"A.HD",0,96.22,4.40894476829198,87.5786270443214,104.861372955679,1,0.910191509502405,1.08980849049759,"HD_32M","ki67+memory_CD8"
"A.HD",1,85.6927538311839,6.0274151098004,73.8792372961026,97.5062703662652,0.890591912608438,0.767815810601773,1.0133680146151,"HD_32M","ki67+memory_CD8"
"A.HD",2,72.3597792505658,7.94496132310419,56.7879411987179,87.9316173024137,0.752024311479587,0.590188538752005,0.913860084207168,"HD_32M","ki67+memory_CD8"
"A.HD",0,96.11,4.47639257128565,87.3364317796175,104.883568220383,1,0.908713263756295,1.09128673624371,"HD_35F","ki67+memory_CD8"
"A.HD",1,78.6409882851511,7.63371437619036,63.6791830395523,93.6027935307498,0.818239395329841,0.662565633540238,0.973913157119444,"HD_35F","ki67+memory_CD8"
"A.HD",2,53.1602719720478,11.2205717387951,31.1683554780614,75.1521884660343,0.553119050796461,0.324298777214248,0.781939324378673,"HD_35F","ki67+memory_CD8"
"A.HD",0,85.185,5.84221123897485,73.7344763815342,96.6355236184658,1,0.865580517480004,1.13441948252,"HD_36M","ki67+memory_CD8"
"A.HD",1,64.1462656199211,8.07481139270078,48.3199261082738,79.9726051315683,0.753023016023022,0.567235148303972,0.938810883742071,"HD_36M","ki67+memory_CD8"
"A.HD",2,40.4187168285135,9.07581646693646,22.6304434230225,58.2069902340046,0.474481620338247,0.265662304666579,0.683300936009914,"HD_36M","ki67+memory_CD8"
"C.HD",0,114.78,2.76401863144496,109.36262302977,120.19737697023,1,0.952802082503661,1.04719791749634,"NC-13F","ki67+memory_CD8"
"C.HD",1,110.36540764572,4.79977681741664,100.958017949753,119.772797341687,0.961538662186093,0.879578480133759,1.04349884423843,"NC-13F","ki67+memory_CD8"
"C.HD",2,102.237147310482,9.6282813442959,83.3660626426436,121.108231978321,0.890722663447312,0.726311749805224,1.0551335770894,"NC-13F","ki67+memory_CD8"
"MIS-C",0,83.07,4.69952419274451,73.8591018377461,92.2808981622539,1,0.889118837579705,1.11088116242029,"Y111-1","ki67+memory_CD8"
"MIS-C",1,62.1334251127393,6.42052638655145,49.5494246333093,74.7174255921692,0.747964669709152,0.596477965972184,0.89945137344612,"Y111-1","ki67+memory_CD8"
"MIS-C",2,39.6697410729583,7.1701468990764,25.616511386907,53.7229707590096,0.477545938039705,0.308372594040051,0.646719282039359,"Y111-1","ki67+memory_CD8"
"MIS-C",0,104.06,4.21368910568838,95.801321110802,112.318678889198,1,0.920635413326946,1.07936458667305,"Y113-1","ki67+memory_CD8"
"MIS-C",1,92.5911005171498,6.96779935359378,78.9344647326046,106.247736301695,0.889785705527098,0.758547614189934,1.02102379686426,"Y113-1","ki67+memory_CD8"
"MIS-C",2,73.4131190563494,11.1080167037649,51.6418063773009,95.1844317353978,0.705488363024691,0.496269521211809,0.914707204837573,"Y113-1","ki67+memory_CD8"
"MIS-C",0,121.46,1.2987818026344,118.914434443061,124.005565556939,1,0.979041943381035,1.02095805661896,"Y117-1","ki67+memory_CD8"
"MIS-C",1,120.787831137732,1.95961033418347,116.947065458999,124.628596816464,0.994465924071559,0.962844273497443,1.02608757464567,"Y117-1","ki67+memory_CD8"
"MIS-C",2,119.631261016875,3.37202257599912,113.02221821286,126.240303820889,0.984943693535934,0.930530365658326,1.03935702141354,"Y117-1","ki67+memory_CD8"
"MIS-C-R",0,102.695,4.45998118390695,93.9535975078161,111.436402492184,1,0.914879960152063,1.08512003984794,"Y117-R","ki67+memory_CD8"
"MIS-C-R",1,90.5779649644442,7.72270811151594,75.4417352027577,105.714194726131,0.882009493786886,0.734619360268345,1.02939962730543,"Y117-R","ki67+memory_CD8"
"MIS-C-R",2,70.2158161048641,13.3395096171146,44.0708576838938,96.3607745258344,0.683731594574849,0.429143168449231,0.938320020700466,"Y117-R","ki67+memory_CD8"
"MIS-C",0,122.15,1.04063181426685,120.11039912287,124.18960087713,1,0.983302489749246,1.01669751025075,"Y124-1","ki67+memory_CD8"
"MIS-C",1,121.750091990625,1.59847514283487,118.617138280486,124.883045700763,0.996726090795126,0.971077677286007,1.02237450430424,"Y124-1","ki67+memory_CD8"
"MIS-C",2,121.037439165585,2.72320180749198,115.700061700266,126.374816630904,0.990891847446459,0.94719657552408,1.03458711936884,"Y124-1","ki67+memory_CD8"
"MIS-C-R",0,120.51,1.6983290635328,117.181336201578,123.838663798422,1,0.972378526276476,1.02762147372352,"Y124-R","ki67+memory_CD8"
"MIS-C-R",1,119.393598977603,2.60305304840294,114.291708752886,124.49548920232,0.99073603001911,0.948400205401095,1.03307185463712,"Y124-R","ki67+memory_CD8"
"MIS-C-R",2,117.474005937915,4.43835778933885,108.774984520309,126.173027355522,0.974807119225919,0.902622060578446,1.04699217787339,"Y124-R","ki67+memory_CD8"
"MIS-C",0,118.165,2.3527541863328,113.553686530312,122.776313469688,1,0.960975640251444,1.03902435974856,"Y125-1","ki67+memory_CD8"
"MIS-C",1,113.923678989305,5.17595437584784,103.778994827021,124.068363151589,0.964106791260569,0.878254938662217,1.04995864385892,"Y125-1","ki67+memory_CD8"
"MIS-C",2,103.86574508358,12.7538248724301,78.8687076684861,128.862782498674,0.878989083769139,0.667445585989812,1.09053258154847,"Y125-1","ki67+memory_CD8"
"MIS-C",0,75.635,4.9175896984408,65.9967013003109,85.2732986996891,1,0.872568272629217,1.12743172737078,"Y127-1","ki67+memory_CD8"
"MIS-C",1,49.8371174589107,6.47730187986193,37.1418390573877,62.5323958604337,0.658916076669673,0.491066821674988,0.826765331664357,"Y127-1","ki67+memory_CD8"
"MIS-C",2,26.4844868257102,5.87982915594107,14.9602334448171,38.0087402066032,0.350161787872152,0.197795113965983,0.50252846177832,"Y127-1","ki67+memory_CD8"
"C.HD",0,62.17,5.30488539416509,51.7726156853239,72.5673843146761,1,0.832758817521696,1.1672411824783,"Y28-2","ki67+memory_CD8"
"C.HD",1,22.1523784819613,4.32048272418133,13.6843879467384,30.6203690171842,0.356319422260918,0.220112400623104,0.492526443898732,"Y28-2","ki67+memory_CD8"
"C.HD",2,6.40085813254469,1.33327398305149,3.78768914423951,9.01402712084988,0.102957344901797,0.0609247087701384,0.144989981033455,"Y28-2","ki67+memory_CD8"
"C.HD",0,82.885,5.31062980678597,72.4763568434746,93.2936431565254,1,0.874420665301014,1.12557933469899,"Y28-4","ki67+memory_CD8"
"C.HD",1,38.6553073922176,7.4523735337184,24.04892366679,53.2616911176451,0.466372774231979,0.290148080675514,0.642597467788443,"Y28-4","ki67+memory_CD8"
"C.HD",2,10.1245674619988,2.73846792624713,4.75726895373634,15.4918659702613,0.122151987235312,0.0573960180217933,0.18690795644883,"Y28-4","ki67+memory_CD8"
"C.HD",0,112.695,3.33279350737697,106.162844757632,119.227155242368,1,0.942036867275675,1.05796313272432,"Y29-2","ki67+memory_CD8"
"C.HD",1,103.630532659871,7.17001091941931,89.5775694890501,117.683495830692,0.919566375259514,0.794867292151827,1.0442654583672,"Y29-2","ki67+memory_CD8"
"C.HD",2,83.9424069303561,15.8135662007478,52.9483867097506,114.936427150962,0.744863631308897,0.469837940545282,1.01988932207251,"Y29-2","ki67+memory_CD8"
"C.HD",0,110.805,3.56940868939938,103.809087522673,117.800912477327,1,0.936862844841595,1.06313715515841,"Y54-4","ki67+memory_CD8"
"C.HD",1,103.814417011889,6.17342301891976,91.7147302334756,115.914103790302,0.936910942754288,0.827712921199184,1.04610896430939,"Y54-4","ki67+memory_CD8"
"C.HD",2,91.5291929945265,11.2078292602588,69.5622512995451,113.496134689508,0.826038472943698,0.627789822657327,1.02428712323007,"Y54-4","ki67+memory_CD8"
"C.HD",0,100.225,4.31363096014269,91.7704386755234,108.679561324477,1,0.915644187333733,1.08435581266627,"Y70-4","ki67+memory_CD8"
"C.HD",1,80.8274700335052,8.15396516647382,64.8459919760224,96.8089480909881,0.806460164963883,0.647004160399325,0.965916169528442,"Y70-4","ki67+memory_CD8"
"C.HD",2,51.0663454918784,11.2851420475891,28.9478735181851,73.1848174655717,0.50951704157524,0.288828870223848,0.730205212926632,"Y70-4","ki67+memory_CD8"
"A.HD",0,92.49,5.03653985076478,82.6185632858003,102.3614367142,1,0.893270226898046,1.10672977310195,"HA5876","ki67+memory_CD8"
"A.HD",1,78.6868927917428,7.09315649913128,64.7845615167392,92.5892240667463,0.850761085433482,0.700449362274184,1.00107280859278,"HA5876","ki67+memory_CD8"
"A.HD",2,61.713933223344,8.95487142412966,44.1627077458629,79.265158700825,0.667249791581187,0.477486298474029,0.857013284688345,"HA5876","ki67+memory_CD8"
"A.HD",0,115.745,2.61614142964395,110.617457019435,120.872542980565,1,0.955699658900469,1.04430034109953,"HA5877","ki67+memory_CD8"
"A.HD",1,112.051195534764,4.34673635108709,103.531748836342,120.570642233186,0.968086703829659,0.894481393030733,1.04169201462859,"HA5877","ki67+memory_CD8"
"A.HD",2,105.46441877845,8.06954546958186,89.6484002864616,121.280437270439,0.911179046856887,0.774533675635765,1.04782441807801,"HA5877","ki67+memory_CD8"
"A.HD",0,107.095,3.78252727191941,99.6813827764974,114.508617223503,1,0.930775318889747,1.06922468111025,"HA5894","ki67+memory_CD8"
"A.HD",1,94.6078480307071,7.36850081471335,80.1658518138149,109.049844247599,0.883401167474738,0.74854896880167,1.01825336614781,"HA5894","ki67+memory_CD8"
"A.HD",2,70.5330167415026,14.22534119915,42.6518603233748,98.4141731596304,0.658602331962301,0.398261920009103,0.918942743915499,"HA5894","ki67+memory_CD8"
"A.HD",0,100.305,4.17361598038904,92.1248629931367,108.485137006863,1,0.918447365466693,1.08155263453331,"HA5952","ki67+memory_CD8"
"A.HD",1,88.6156794842991,6.72669117347846,75.4316070491578,101.79975191944,0.883462235026161,0.752022402164975,1.01490206788735,"HA5952","ki67+memory_CD8"
"A.HD",2,70.1719576082259,11.712557731288,47.2157662880551,93.1281489283966,0.699585839272478,0.470721960899807,0.928449717645148,"HA5952","ki67+memory_CD8"
"A.HD",0,77.235,5.24186615662973,66.9611311212263,87.5088688787737,1,0.866979104307974,1.13302089569203,"HA5953","ki67+memory_CD8"
"A.HD",1,52.3839217393397,7.11871075940919,38.4315050345399,66.3363384441394,0.678240716505984,0.497591830576033,0.858889602435935,"HA5953","ki67+memory_CD8"
"A.HD",2,28.1572371530123,7.07213871648831,14.2960999750239,42.0183743310007,0.364565768796689,0.185098724348079,0.544032813245299,"HA5953","ki67+memory_CD8"
"A.HD",0,87.3,4.67431772894781,78.1385055989652,96.4614944010348,1,0.895057337903382,1.10494266209662,"HA5957","ki67+memory_CD8"
"A.HD",1,71.5923085516096,6.4952804982346,58.8617927055845,84.3228243976348,0.820072262905036,0.674247339124679,0.965897186685393,"HA5957","ki67+memory_CD8"
"A.HD",2,53.5868400591098,7.92526012636707,38.053615643319,69.1200644749006,0.613824055659906,0.435894795456117,0.791753315863695,"HA5957","ki67+memory_CD8"
"A.HD",0,103.4,3.8121730438928,95.9282781311357,110.871721868864,1,0.927739633763401,1.0722603662366,"C27","ki67+memory_CD8"
"A.HD",1,94.8247011163565,5.52133350610503,84.0030862977564,105.646315934957,0.917066741937684,0.812408958392228,1.02172452548314,"C27","ki67+memory_CD8"
"A.HD",2,82.6346434336818,7.94236704709198,67.0678900693838,98.2013967979798,0.799174501292861,0.648625629297716,0.949723373288006,"C27","ki67+memory_CD8"
"A.HD",0,61.98,4.99543510210037,52.1891271127761,71.7708728872239,1,0.842031737863442,1.15796826213656,"C32","ki67+memory_CD8"
"A.HD",1,37.8688935801301,5.30991304455646,27.46165525176,48.2761319085001,0.610985698291869,0.443072850141335,0.778898546442403,"C32","ki67+memory_CD8"
"A.HD",2,20.8470148189085,4.34204863764155,12.3367558700098,29.3572737678071,0.336350674716174,0.199044141174731,0.473657208257617,"C32","ki67+memory_CD8"
"A.HD",0,88.55,5.03829555609362,78.6751221665883,98.4248778334117,1,0.888482463767231,1.11151753623277,"C33","ki67+memory_CD8"
"A.HD",1,67.7424982323645,7.36949632387538,53.2985508533684,82.1864456113606,0.765019742883845,0.601903454018841,0.928136031748849,"C33","ki67+memory_CD8"
"A.HD",2,41.1417294465797,8.97789620011951,23.5453762374064,58.7380826557529,0.464615804026874,0.265899223460264,0.663332384593483,"C33","ki67+memory_CD8"
"A.HD",0,40.835,3.8237258527495,33.3406350418563,48.3293649581437,1,0.81647202257515,1.18352797742485,"C39","ki67+memory_CD8"
"A.HD",1,20.1557015398855,2.55673319463655,15.1445965603198,25.1668065194511,0.493588870818794,0.370872941357164,0.616304800280425,"C39","ki67+memory_CD8"
"A.HD",2,11.1231867477132,1.70629663808391,7.77890679012694,14.4674667052994,0.272393455313167,0.190496064408643,0.354290846217691,"C39","ki67+memory_CD8"
"COVID19",0,85.64,4.92459727200685,75.9879667085024,95.2920332914976,1,0.887295267497692,1.11270473250231,"NS0A","ki67+memory_CD8"
"COVID19",1,66.3251317145157,7.18941413663492,52.2341389367681,80.4161244922633,0.774464405821061,0.609926890901075,0.939001920741047,"NS0A","ki67+memory_CD8"
"COVID19",2,44.519338447456,8.60424156743092,27.6553348610089,61.383342033903,0.519842812324334,0.32292544209492,0.716760182553749,"NS0A","ki67+memory_CD8"
"COVID19",0,95.195,4.51318281210471,86.3493242326296,104.04067576737,1,0.907078357399334,1.09292164260067,"NS0B","ki67+memory_CD8"
"COVID19",1,83.1917620373599,6.53527359945593,70.3828611533108,96.0006629214089,0.873908945189977,0.739354600066293,1.00846329031366,"NS0B","ki67+memory_CD8"
"COVID19",2,67.6067072699001,9.21565501024716,49.5443553558695,85.6690591839306,0.710191788118074,0.520451235420658,0.89993234081549,"NS0B","ki67+memory_CD8"
"COVID19",0,94.06,4.85636917954558,84.5416913124603,103.57830868754,1,0.89880598886307,1.10119401113693,"NS1A","ki67+memory_CD8"
"COVID19",1,75.3440955284562,7.97129538809268,59.7206436576643,90.9675473992481,0.801021640744804,0.634920727808466,0.967122553681141,"NS1A","ki67+memory_CD8"
"COVID19",2,49.5381726192996,10.6897996424197,28.5865503182078,70.4897949203914,0.526665666800974,0.303918247057281,0.749413086544667,"NS1A","ki67+memory_CD8"
"COVID19",0,94.93,4.57490423328386,85.9633524700438,103.896647529956,1,0.905544637838869,1.09445536216113,"NS1B","ki67+memory_CD8"
"COVID19",1,77.0332969065471,7.80514497607488,61.7354938593266,92.3310999537676,0.811474738297135,0.650326491723655,0.972622984870616,"NS1B","ki67+memory_CD8"
"COVID19",2,51.8550515821237,10.9003676310541,30.4907236070116,73.2193795572359,0.546245144655259,0.321191652870658,0.77129863643986,"NS1B","ki67+memory_CD8"
"COVID19",0,49.67,4.56786899283226,40.7171412879515,58.6228587120485,1,0.819753196858295,1.1802468031417,"TP8B","ki67+memory_CD8"
"COVID19",1,33.2522685598087,3.88361747662435,25.6405181758946,40.8640189437227,0.669463832490611,0.516217398346982,0.82271026663424,"TP8B","ki67+memory_CD8"
"COVID19",2,23.6004684615816,3.10850077382499,17.5079188989698,29.6930180241935,0.475145328399067,0.352484777510968,0.597805879287165,"TP8B","ki67+memory_CD8"
"COVID19",0,50.095,4.56180064509927,41.1540350309538,59.0359649690462,1,0.821519812974425,1.17848018702557,"TS2A","ki67+memory_CD8"
"COVID19",1,26.5824383622376,3.72050317222174,19.2903861403159,33.8744905841592,0.530640550199373,0.38507607825763,0.676205022141116,"TS2A","ki67+memory_CD8"
"COVID19",2,14.2606900714607,2.41144623322464,9.53434230368561,18.9870378392358,0.28467292287575,0.190325228140246,0.379020617611254,"TS2A","ki67+memory_CD8"
"COVID19",0,56.805,4.45152280420778,48.080175627394,65.529824372606,1,0.846407457572291,1.15359254242771,"TS2B","ki67+memory_CD8"
"COVID19",1,29.2928566480227,4.20120336368317,21.0586493634752,37.5270639325703,0.515673913353098,0.370718235427782,0.660629591278413,"TS2B","ki67+memory_CD8"
"COVID19",2,13.7918803358239,2.68906982114443,8.52140033446723,19.0623603371805,0.242793421984401,0.150011448542685,0.335575395426116,"TS2B","ki67+memory_CD8"
"COVID19",0,72.32,4.89257462203294,62.7307299491408,81.9092700508592,1,0.867405004827721,1.13259499517228,"TS3A","ki67+memory_CD8"
"COVID19",1,49.1640372158459,6.03044232749334,37.344587443113,60.9834869885787,0.679812461502294,0.516379804246585,0.843245118758002,"TS3A","ki67+memory_CD8"
"COVID19",2,27.8077396691663,5.91864550698022,16.2074076382252,39.4080717001073,0.384509674628958,0.224106853404663,0.544912495853254,"TS3A","ki67+memory_CD8"
"COVID19",0,82.03,5.10484054451504,72.0246963859307,92.0353036140693,1,0.878028725904312,1.12197127409569,"TS3B","ki67+memory_CD8"
"COVID19",1,60.0175411724176,7.01621556812037,46.2660113511324,73.7690709937027,0.731653555679843,0.564013304292727,0.89929380706696,"TS3B","ki67+memory_CD8"
"COVID19",2,34.9028961483401,7.55592945826334,20.0935465404187,49.7122457562615,0.425489408123127,0.244953633309993,0.606025182936261,"TS3B","ki67+memory_CD8"
"A.HD",0,151.99,0.0997484272744117,151.794496675028,152.185503324972,1,0.998713709290267,1.00128629070973,"HD_32M","naive_CD4"
"A.HD",1,151.986200551818,0.137647323962519,151.716416754283,152.255984349353,0.999975001985776,0.998199991803956,1.0017500121676,"HD_32M","naive_CD4"
"A.HD",2,151.98025974026,0.19690598630793,151.594331098756,152.366188381764,0.999935915127704,0.997396743856543,1.00247508639887,"HD_32M","naive_CD4"
"A.HD",0,151.875,0.346373893894819,151.196119642781,152.553880357219,1,0.995530005878395,1.0044699941216,"HD_35F","naive_CD4"
"A.HD",1,151.825005407184,0.492669381536326,150.859391163087,152.790619651281,0.999670817495862,0.993312863625265,1.00602877136646,"HD_35F","naive_CD4"
"A.HD",2,151.744126253493,0.742971655426805,150.287928567323,153.200323939664,0.999138279858393,0.989550146945335,1.00872641277145,"HD_35F","naive_CD4"
"A.HD",0,151.94,0.238082794601851,151.473366297242,152.406633702758,1,0.996928829124929,1.00307117087507,"HD_36M","naive_CD4"
"A.HD",1,151.917203311599,0.328541115423376,151.273274557929,152.561132065269,0.999849962561531,0.99561191626911,1.00408800885395,"HD_36M","naive_CD4"
"A.HD",2,151.881558441558,0.469981620512746,150.960411391958,152.802705491159,0.999615364232977,0.993552793154915,1.00567793531104,"HD_36M","naive_CD4"
"C.HD",0,151.885,0.349838440817139,151.199329255591,152.570670744409,1,0.995485592754984,1.00451440724502,"NC-13F","naive_CD4"
"C.HD",1,151.836303363098,0.511569856346803,150.833644869082,152.838961857114,0.999679384818103,0.993077952853024,1.00628081678318,"NC-13F","naive_CD4"
"C.HD",2,151.75474601348,0.804023687367645,150.178888543523,153.330603483438,0.999142417048953,0.988767083935363,1.00951775016254,"NC-13F","naive_CD4"
"MIS-C",0,151.355,0.901687418679569,149.587725134075,153.122274865925,1,0.988323643976579,1.01167635602342,"Y111-1","naive_CD4"
"MIS-C",1,151.058498860705,1.39665481551363,148.321105723464,153.795891997946,0.998041021840737,0.979955110326475,1.016126933355,"Y111-1","naive_CD4"
"MIS-C",2,150.52745119694,2.46435434555341,145.697405434511,155.357496959369,0.994532398645172,0.962620365594203,1.02644443169614,"Y111-1","naive_CD4"
"MIS-C",0,151.06,0.98041115362421,149.138429448855,152.981570551145,1,0.987279421745367,1.01272057825463,"Y113-1","naive_CD4"
"MIS-C",1,150.658807936175,1.46324530624159,147.790899835394,153.526716036956,0.997344154218024,0.978358929136727,1.01632937929932,"Y113-1","naive_CD4"
"MIS-C",2,149.978289226025,2.41522849478249,145.244528361817,154.712050090234,0.992839197842086,0.961502239916701,1.02417615576747,"Y113-1","naive_CD4"
"MIS-C",0,151.675,0.59256278424006,150.513598284311,152.836401715689,1,0.992342826993972,1.00765717300603,"Y117-1","naive_CD4"
"MIS-C",1,151.55233160567,0.815079168644283,149.954805790578,153.149857420762,0.999191241837284,0.988658683306928,1.00972380036764,"Y117-1","naive_CD4"
"MIS-C",2,151.361721991089,1.15919470161423,149.089742124856,153.633701857323,0.99793454419706,0.982955280203432,1.01291380819069,"Y117-1","naive_CD4"
"MIS-C-R",0,151.955,0.207824336336891,151.547671785669,152.362328214331,1,0.997319415522153,1.00268058447785,"Y117-R","naive_CD4"
"MIS-C-R",1,151.937902483665,0.286786113152061,151.37581203062,152.499992936709,0.999887483028954,0.996188424406044,1.00358654165186,"Y117-R","naive_CD4"
"MIS-C-R",2,151.911168831169,0.410250637963734,151.107092356125,152.715245306212,0.999711551651271,0.99442000826643,1.00500309503611,"Y117-R","naive_CD4"
"MIS-C",0,151.93,0.274731481513629,151.391536190814,152.468463809186,1,0.99645584276189,1.00354415723811,"Y124-1","naive_CD4"
"MIS-C",1,151.903466497074,0.378672844156805,151.161281360603,152.645651633545,0.999825357053076,0.994940310410078,1.00471040369607,"Y124-1","naive_CD4"
"MIS-C",2,151.862071262071,0.540549142791952,150.802614410325,152.921528113818,0.999552894504517,0.992579572239354,1.00652621676968,"Y124-1","naive_CD4"
"MIS-C-R",0,151.895,0.307322690637877,151.292658594718,152.497341405282,1,0.996034488263062,1.00396551173694,"Y124-R","naive_CD4"
"MIS-C-R",1,151.855105795402,0.424088350214184,151.023907902719,152.686303688085,0.999737356696414,0.994265169378314,1.00520954401451,"Y124-R","naive_CD4"
"MIS-C-R",2,151.792727272727,0.60666297372672,150.603689693469,152.981764851986,0.999326687993201,0.991498664824181,1.00715471116222,"Y124-R","naive_CD4"
"MIS-C",0,151.935,0.266703305690671,151.412271126289,152.457728873711,1,0.996559522995284,1.00344047700472,"Y125-1","naive_CD4"
"MIS-C",1,151.910366221096,0.367579918956865,151.1899228185,152.630809623691,0.999837866331627,0.995096079366177,1.00457965329708,"Y125-1","naive_CD4"
"MIS-C",2,151.871941391941,0.524642827353789,150.843660345581,152.900222438302,0.999584963253638,0.992817062201472,1.0063528643058,"Y125-1","naive_CD4"
"MIS-C",0,151.935,0.247144496216384,151.450605688439,152.419394311561,1,0.996811831957341,1.00318816804266,"Y127-1","naive_CD4"
"MIS-C",1,151.910303587577,0.341045763485204,151.241866174066,152.578741001088,0.999837454092718,0.995437958166756,1.00423695001868,"Y127-1","naive_CD4"
"MIS-C",2,151.871688311688,0.487869654868707,150.915481358996,152.827895264381,0.999583297539661,0.993289771013892,1.00587682406543,"Y127-1","naive_CD4"
"C.HD",0,151.985,0.121857483279263,151.746163721526,152.223836278474,1,0.998428553617304,1.0015714463827,"Y28-2","naive_CD4"
"C.HD",1,151.979300827796,0.168156600926185,151.649719946218,152.308881709374,0.999962501745542,0.997793992474377,1.00213101101671,"Y28-2","naive_CD4"
"C.HD",2,151.97038961039,0.240549837122701,151.498920593142,152.441858627637,0.999903869529162,0.996801793552931,1.00300594550539,"Y28-2","naive_CD4"
"C.HD",0,151.965,0.18424093903932,151.603894395005,152.326105604995,1,0.997623758069326,1.00237624193067,"Y28-4","naive_CD4"
"C.HD",1,151.951701931709,0.25424232658162,151.453396128263,152.450007735154,0.999912492558869,0.996633409852682,1.00319157526506,"Y28-4","naive_CD4"
"C.HD",2,151.930909090909,0.363696399142554,151.218077247283,152.643740934535,0.999775666047505,0.995084902755785,1.00446642933923,"Y28-4","naive_CD4"
"C.HD",0,151.99,0.0997484272744117,151.794496675028,152.185503324972,1,0.998713709290267,1.00128629070973,"Y29-2","naive_CD4"
"C.HD",1,151.986200551818,0.137647323962519,151.716416754283,152.255984349353,0.999975001985776,0.998199991803956,1.0017500121676,"Y29-2","naive_CD4"
"C.HD",2,151.98025974026,0.19690598630793,151.594331098756,152.366188381764,0.999935915127704,0.997396743856543,1.00247508639887,"Y29-2","naive_CD4"
"C.HD",0,151.905,0.32635492594481,151.265356098971,152.544643901029,1,0.995789184681024,1.00421081531898,"Y54-4","naive_CD4"
"C.HD",1,151.866466384834,0.465785652995689,150.953543280447,152.779389489221,0.999746330830678,0.993736501632251,1.0057561600291,"Y54-4","naive_CD4"
"C.HD",2,151.803600112967,0.706199536137495,150.419474456239,153.187725769696,0.999332478278972,0.990220693566629,1.00844426299131,"Y54-4","naive_CD4"
"C.HD",0,151.97,0.171015295093097,151.634816180812,152.305183819188,1,0.997794407980602,1.0022055920194,"Y70-4","naive_CD4"
"C.HD",1,151.95860165573,0.235991667933433,151.496066485929,152.421136825532,0.99992499608956,0.996881400841807,1.00296859133731,"Y70-4","naive_CD4"
"C.HD",2,151.940779220779,0.33758863446949,151.279117655629,152.60244078593,0.999807720081459,0.995453824147062,1.00416161601586,"Y70-4","naive_CD4"
"A.HD",0,151.905,0.310575733810871,151.296282747259,152.513717252741,1,0.995992776717413,1.00400722328259,"HA5876","naive_CD4"
"A.HD",1,151.866403751315,0.445138139986766,150.993949028796,152.738858473835,0.999745918510355,0.994002495169983,1.00548934185073,"HA5876","naive_CD4"
"A.HD",2,151.803347032714,0.679300907702154,150.471941718953,153.134752346476,0.99933081223603,0.990566088798608,1.00809553567345,"HA5876","naive_CD4"
"A.HD",0,151.985,0.121857483279263,151.746163721526,152.223836278474,1,0.998428553617304,1.0015714463827,"HA5877","naive_CD4"
"A.HD",1,151.979300827796,0.168156600926185,151.649719946218,152.308881709374,0.999962501745542,0.997793992474377,1.00213101101671,"HA5877","naive_CD4"
"A.HD",2,151.97038961039,0.240549837122701,151.498920593142,152.441858627637,0.999903869529162,0.996801793552931,1.00300594550539,"HA5877","naive_CD4"
"A.HD",0,151.97,0.171015295093097,151.634816180812,152.305183819188,1,0.997794407980602,1.0022055920194,"HA5894","naive_CD4"
"A.HD",1,151.95860165573,0.235991667933433,151.496066485929,152.421136825532,0.99992499608956,0.996881400841807,1.00296859133731,"HA5894","naive_CD4"
"A.HD",2,151.940779220779,0.33758863446949,151.279117655629,152.60244078593,0.999807720081459,0.995453824147062,1.00416161601586,"HA5894","naive_CD4"
"A.HD",0,151.905,0.293950735967576,151.328867144275,152.481132855725,1,0.996207281816099,1.0037927181839,"HA5952","naive_CD4"
"A.HD",1,151.868905243446,0.405635790842481,151.073873702554,152.663936784337,0.999762385987595,0.994528644235239,1.00499612773995,"HA5952","naive_CD4"
"A.HD",2,151.812467532468,0.580266387884046,150.675166310776,152.949768754159,0.99939085304939,0.991903928842209,1.00687777725657,"HA5952","naive_CD4"
"A.HD",0,151.985,0.121857483279263,151.746163721526,152.223836278474,1,0.998428553617304,1.0015714463827,"HA5953","naive_CD4"
"A.HD",1,151.979300827796,0.168156600926185,151.649719946218,152.308881709374,0.999962501745542,0.997793992474377,1.00213101101671,"HA5953","naive_CD4"
"A.HD",2,151.97038961039,0.240549837122701,151.498920593142,152.441858627637,0.999903869529162,0.996801793552931,1.00300594550539,"HA5953","naive_CD4"
"A.HD",0,151.75,0.518501900773302,150.733754948569,152.766245051431,1,0.993303162758278,1.00669683724172,"HA5957","naive_CD4"
"A.HD",1,151.655514298405,0.713447718414492,150.25718246546,153.05384613135,0.999377359462307,0.990162652161189,1.00859206676343,"HA5957","naive_CD4"
"A.HD",2,151.508508537876,1.01529955763176,149.518557971398,153.498459104353,0.998408622984354,0.985295274935077,1.01152197103363,"HA5957","naive_CD4"
"A.HD",0,151.16,0.974241103958982,149.250522523982,153.069477476018,1,0.987367838872598,1.0126321611274,"C27","naive_CD4"
"A.HD",1,150.798816865646,1.45817312850772,147.940850050547,153.656783680746,0.997610590537486,0.97870369178716,1.01651748928781,"C27","naive_CD4"
"A.HD",2,150.182970681816,2.41314352287647,145.453296287452,154.91264507618,0.993536455952742,0.96224726308185,1.02482564882363,"C27","naive_CD4"
"A.HD",0,151.695,0.532345714549291,150.651621572159,152.738378427841,1,0.993121866720453,1.00687813327955,"C32","naive_CD4"
"A.HD",1,151.566734640912,0.777174375217765,150.043500855778,153.089968426046,0.999154452295144,0.989113028483323,1.00919587610697,"C32","naive_CD4"
"A.HD",2,151.352825739661,1.22032697628062,148.961028816789,153.744622662534,0.997744327365181,0.981977183274258,1.01351147145611,"C32","naive_CD4"
"A.HD",0,151.905,0.293950735967576,151.328867144275,152.481132855725,1,0.996207281816099,1.0037927181839,"C33","naive_CD4"
"A.HD",1,151.868905243446,0.405635790842481,151.073873702554,152.663936784337,0.999762385987595,0.994528644235239,1.00499612773995,"C33","naive_CD4"
"A.HD",2,151.812467532468,0.580266387884046,150.675166310776,152.949768754159,0.99939085304939,0.991903928842209,1.00687777725657,"C33","naive_CD4"
"A.HD",0,151.385,0.799984296328284,149.817059590999,152.952940409001,1,0.989642696376781,1.01035730362322,"C39","naive_CD4"
"A.HD",1,151.112235678816,1.23951548578432,148.682829968399,153.541641389233,0.998198207740635,0.982150344937736,1.01424607054353,"C39","naive_CD4"
"A.HD",2,150.636144148662,2.17679661635744,146.369701178933,154.902587118391,0.995053302167732,0.966870569600243,1.02323603473522,"C39","naive_CD4"
"COVID19",0,151.945,0.228552359218895,151.497045607349,152.392954392651,1,0.997051864867875,1.00294813513212,"NS0A","naive_CD4"
"COVID19",1,151.924103035621,0.315389640633175,151.305950698883,152.542255372359,0.99986247020712,0.995794206448931,1.00393073396531,"NS0A","naive_CD4"
"COVID19",2,151.891428571429,0.451168293523013,151.007154965157,152.7757021777,0.999647428815878,0.993827733490125,1.00546712414163,"NS0A","naive_CD4"
"COVID19",0,151.42,0.791665123863435,149.868364869411,152.971635130589,1,0.989752772879482,1.01024722712052,"NS0B","naive_CD4"
"COVID19",1,151.184151201488,1.13401219443679,148.961528142363,153.406774260614,0.998442419769439,0.983763889462179,1.0131209500767,"NS0B","naive_CD4"
"COVID19",2,150.799918267387,1.72505750778604,147.418867680866,154.180968853908,0.99590488883494,0.973575932379247,1.01823384529063,"NS0B","naive_CD4"
"COVID19",0,151.89,0.329305649898808,151.244572786293,152.535427213707,1,0.995750693174618,1.00424930682538,"NS1A","naive_CD4"
"COVID19",1,151.848268704899,0.454063058846658,150.958321462849,152.738215946948,0.999725253175974,0.993866096930997,1.00558440942095,"NS1A","naive_CD4"
"COVID19",2,151.78311022311,0.648606323575127,150.511865188758,153.054355257462,0.999296268504248,0.990926757447877,1.00766577956062,"NS1A","naive_CD4"
"COVID19",0,151.545,0.768719486055353,150.038337493117,153.051662506883,1,0.990057986031326,1.00994201396867,"NS1B","naive_CD4"
"COVID19",1,151.369305588277,1.08789595403118,149.237068699449,153.501542477105,0.998840645275507,0.984770653597603,1.01291063695341,"NS1B","naive_CD4"
"COVID19",2,151.093437701539,1.609116501962,147.939627310764,154.247248092314,0.997020275835818,0.976209227033319,1.01783132463832,"NS1B","naive_CD4"
"COVID19",0,151.015,0.94298520960174,149.166782951227,152.863217048773,1,0.987761367753049,1.01223863224695,"TP8B","naive_CD4"
"COVID19",1,150.646194956008,1.29239890986003,148.113139639024,153.179250272993,0.997557825090276,0.980784290560696,1.01433135961986,"TP8B","naive_CD4"
"COVID19",2,150.077458237965,1.82596283549855,146.498636843279,153.65627963265,0.993791730874182,0.970093281086507,1.01749018066186,"TP8B","naive_CD4"
"COVID19",0,151.47,0.736076793022393,150.02731599582,152.91268400418,1,0.990475447255697,1.0095245527443,"TS2A","naive_CD4"
"COVID19",1,151.260233401662,1.04052218501619,149.220847393915,153.299619409408,0.99861512775904,0.985151167847859,1.01207908767022,"TS2A","naive_CD4"
"COVID19",2,150.92404147751,1.55131717924171,147.883515677598,153.964567277422,0.996395599640258,0.976322147472092,1.01646905180842,"TS2A","naive_CD4"
"COVID19",0,149.935,1.43914233252529,147.114332859623,152.755667140377,1,0.98118740027094,1.01881259972906,"TS2B","naive_CD4"
"COVID19",1,149.069691276781,2.167783774547,144.820913152399,153.318469401164,0.994228774314079,0.965891307249135,1.02256624137902,"TS2B","naive_CD4"
"COVID19",2,147.635906095157,3.57895549161013,140.62128222933,154.650529960985,0.98466606259484,0.937881630235299,1.03145049495438,"TS2B","naive_CD4"
"COVID19",0,150.805,1.04037826518693,148.765896069935,152.844103930065,1,0.986478538973743,1.01352146102626,"TS3A","naive_CD4"
"COVID19",1,150.310165630338,1.51742505348867,147.336067176262,153.284264084415,0.996718713771681,0.97699722937742,1.01644019816594,"TS3A","naive_CD4"
"COVID19",2,149.49252468331,2.3996457458271,144.789305445834,154.195743920786,0.991296871345844,0.960109448929639,1.02248429376205,"TS3A","naive_CD4"
"COVID19",0,151.485,0.694396089885478,150.124008672819,152.845991327181,1,0.991015669358808,1.00898433064119,"TS3B","naive_CD4"
"COVID19",1,151.285639608216,0.966894192328993,149.39056181439,153.180717402042,0.998683959522169,0.986173956592336,1.011193962452,"TS3B","naive_CD4"
"COVID19",2,150.970431087899,1.40818795185279,148.210433418805,153.730428756994,0.996603169210809,0.978383558892331,1.01482277952929,"TS3B","naive_CD4"
"A.HD",0,51.95,0.2403933125601,51.4788377652579,52.4211622347421,1,0.990930467088699,1.0090695329113,"HD_32M","naive_CD8"
"A.HD",1,51.9293156513839,0.348496371476524,51.246275314547,52.6123559882208,0.999601841220094,0.986453807787238,1.01274987465295,"HD_32M","naive_CD8"
"A.HD",2,51.8960664112388,0.532605556049586,50.8521787034157,52.9399541190619,0.998961817348197,0.978867732500784,1.01905590219561,"HD_32M","naive_CD8"
"A.HD",0,51.975,0.156516732131699,51.668232842044,52.281767157956,1,0.99409779397872,1.00590220602128,"HD_35F","naive_CD8"
"A.HD",1,51.9658016615057,0.214104487866607,51.5461645763587,52.3854387466526,0.999823023790393,0.99174919819834,1.00789684938245,"HD_35F","naive_CD8"
"A.HD",2,51.9518518518518,0.301439632253643,51.3610410291217,52.542662674582,0.999554629184259,0.988187417587719,1.0109218407808,"HD_35F","naive_CD8"
"A.HD",0,51.85,0.357967461534687,51.1483966677548,52.5516033322452,1,0.986468595327961,1.01353140467204,"HD_36M","naive_CD8"
"A.HD",1,51.7948099686763,0.489675697805292,50.8350632368734,52.7545567004792,0.998935582809571,0.980425520479718,1.01744564513942,"HD_36M","naive_CD8"
"A.HD",2,51.7111111111111,0.689418814807548,50.359875063824,53.0623471583982,0.997321332904747,0.971260849832672,1.02338181597682,"HD_36M","naive_CD8"
"C.HD",0,51.975,0.156516732131699,51.668232842044,52.281767157956,1,0.99409779397872,1.00590220602128,"NC-13F","naive_CD8"
"C.HD",1,51.9658016615057,0.214104487866607,51.5461645763587,52.3854387466526,0.999823023790393,0.99174919819834,1.00789684938245,"NC-13F","naive_CD8"
"C.HD",2,51.9518518518518,0.301439632253643,51.3610410291217,52.542662674582,0.999554629184259,0.988187417587719,1.0109218407808,"NC-13F","naive_CD8"
"MIS-C",0,51.93,0.274731481513629,51.391536190814,52.468463809186,1,0.9896309684347,1.0103690315653,"Y111-1","naive_CD8"
"MIS-C",1,51.9019569805312,0.392967270540895,51.131755283168,52.6721586778943,0.999459984219741,0.984628447586521,1.01429152085296,"Y111-1","naive_CD8"
"MIS-C",2,51.8575478927203,0.590497393941666,50.7001942676299,53.0149015178107,0.998604812107073,0.976318010160406,1.02089161405374,"Y111-1","naive_CD8"
"MIS-C",0,51.975,0.156516732131699,51.668232842044,52.281767157956,1,0.99409779397872,1.00590220602128,"Y113-1","naive_CD8"
"MIS-C",1,51.9658016615057,0.214104487866607,51.5461645763587,52.3854387466526,0.999823023790393,0.99174919819834,1.00789684938245,"Y113-1","naive_CD8"
"MIS-C",2,51.9518518518518,0.301439632253643,51.3610410291217,52.542662674582,0.999554629184259,0.988187417587719,1.0109218407808,"Y113-1","naive_CD8"
"MIS-C",0,51.85,0.385021046217153,51.0953726161245,52.6046273838756,1,0.985445952094975,1.01455404790503,"Y117-1","naive_CD8"
"MIS-C",1,51.7951697879043,0.524955002720936,50.7662768890671,52.8240626867414,0.998942522428241,0.979098879249125,1.01878616560736,"Y117-1","naive_CD8"
"MIS-C",2,51.7124867724868,0.734976918284121,50.2719584831817,53.1530150617919,0.997347864464547,0.969565255220476,1.02513047370862,"Y117-1","naive_CD8"
"MIS-C-R",0,51.995,0.0707106781186548,51.856409617565,52.133590382435,1,0.997334544043947,1.00266545595605,"Y117-R","naive_CD8"
"MIS-C-R",1,51.9931603323584,0.0967275084209922,51.8035778995389,52.1827427651778,0.999964618374043,0.996318451765342,1.00361078498275,"Y117-R","naive_CD8"
"MIS-C-R",2,51.9903703703704,0.136183528228521,51.7234555597549,52.2572851809859,0.99991096009944,0.994777489369264,1.00504443082962,"Y117-R","naive_CD8"
"MIS-C",0,51.965,0.18424093903932,51.6038943950051,52.3261056049949,1,0.993050984220246,1.00694901577975,"Y124-1","naive_CD8"
"MIS-C",1,51.9521223260793,0.252029360438502,51.4581538565732,52.4460907955855,0.999752185626466,0.990246393853039,1.00925797739989,"Y124-1","naive_CD8"
"MIS-C",2,51.9325925925926,0.354834401112765,51.2371299459357,52.6280552392494,0.999376360869674,0.985993071219777,1.01275965051957,"Y124-1","naive_CD8"
"MIS-C-R",0,51.985,0.121857483279263,51.746163721526,52.223836278474,1,0.995405669357044,1.00459433064296,"Y124-R","naive_CD8"
"MIS-C-R",1,51.979480996932,0.166692938798817,51.6527688404092,52.3061931534549,0.999893834701011,0.993609095708555,1.00617857369347,"Y124-R","naive_CD8"
"MIS-C-R",2,51.9711111111111,0.234688486315618,51.5111301303463,52.4310920918759,0.999732828914324,0.990884488416779,1.00858116941187,"Y124-R","naive_CD8"
"MIS-C",0,51.975,0.156516732131699,51.668232842044,52.281767157956,1,0.99409779397872,1.00590220602128,"Y125-1","naive_CD8"
"MIS-C",1,51.9658016615057,0.214104487866607,51.5461645763587,52.3854387466526,0.999823023790393,0.99174919819834,1.00789684938245,"Y125-1","naive_CD8"
"MIS-C",2,51.9518518518518,0.301439632253643,51.3610410291217,52.542662674582,0.999554629184259,0.988187417587719,1.0109218407808,"Y125-1","naive_CD8"
"MIS-C",0,51.995,0.0707106781186548,51.856409617565,52.133590382435,1,0.997334544043947,1.00266545595605,"Y127-1","naive_CD8"
"MIS-C",1,51.9931603323584,0.0967275084209922,51.8035778995389,52.1827427651778,0.999964618374043,0.996318451765342,1.00361078498275,"Y127-1","naive_CD8"
"MIS-C",2,51.9903703703704,0.136183528228521,51.7234555597549,52.2572851809859,0.99991096009944,0.994777489369264,1.00504443082962,"Y127-1","naive_CD8"
"MIS-C",0,51.475,0.656911457744941,50.1874772017882,52.7625227982118,1,0.974987415284861,1.02501258471514,"Y129-1","naive_CD8"
"MIS-C",1,51.2850732632403,0.891333201771952,49.5380922895425,53.0320542369381,0.996310311087718,0.962371875464642,1.03024874671079,"Y129-1","naive_CD8"
"MIS-C",2,51.0012698412698,1.23753747417888,48.5757409623606,53.4267987201791,0.990796888611362,0.943676366437311,1.03791741078541,"Y129-1","naive_CD8"
"C.HD",0,51.97,0.171015295093097,51.634816180812,52.305183819188,1,0.993550436421244,1.00644956357876,"Y28-2","naive_CD8"
"C.HD",1,51.9589619937925,0.233937558461512,51.5004528045767,52.4174711830083,0.999787608116077,0.990965033761337,1.00861018247082,"Y28-2","naive_CD8"
"C.HD",2,51.9422222222222,0.329362790549668,51.2966830148973,52.5877614295472,0.999465503602506,0.987044121895272,1.01188688530974,"Y28-2","naive_CD8"
"C.HD",0,51.98,0.140351317992784,51.7049164715514,52.2550835284486,1,0.994707896720881,1.00529210327912,"Y28-4","naive_CD8"
"C.HD",1,51.9726413292189,0.191991275635395,51.5963453436276,52.3489373148101,0.999858432651382,0.992619187064786,1.00709767823798,"Y28-4","naive_CD8"
"C.HD",2,51.9614814814815,0.270306242060177,51.4316909822472,52.4912719807158,0.999643737619882,0.98945153871195,1.00983593652781,"Y28-4","naive_CD8"
"C.HD",0,51.97,0.171015295093097,51.634816180812,52.305183819188,1,0.993550436421244,1.00644956357876,"Y29-2","naive_CD8"
"C.HD",1,51.9589619937925,0.233937558461512,51.5004528045767,52.4174711830083,0.999787608116077,0.990965033761337,1.00861018247082,"Y29-2","naive_CD8"
"C.HD",2,51.9422222222222,0.329362790549668,51.2966830148973,52.5877614295472,0.999465503602506,0.987044121895272,1.01188688530974,"Y29-2","naive_CD8"
"C.HD",0,51.98,0.140351317992784,51.7049164715514,52.2550835284486,1,0.994707896720881,1.00529210327912,"Y54-4","naive_CD8"
"C.HD",1,51.9726413292189,0.191991275635395,51.5963453436276,52.3489373148101,0.999858432651382,0.992619187064786,1.00709767823798,"Y54-4","naive_CD8"
"C.HD",2,51.9614814814815,0.270306242060177,51.4316909822472,52.4912719807158,0.999643737619882,0.98945153871195,1.00983593652781,"Y54-4","naive_CD8"
"C.HD",0,51.985,0.121857483279263,51.746163721526,52.223836278474,1,0.995405669357044,1.00459433064296,"Y70-4","naive_CD8"
"C.HD",1,51.979480996932,0.166692938798817,51.6527688404092,52.3061931534549,0.999893834701011,0.993609095708555,1.00617857369347,"Y70-4","naive_CD8"
"C.HD",2,51.9711111111111,0.234688486315618,51.5111301303463,52.4310920918759,0.999732828914324,0.990884488416779,1.00858116941187,"Y70-4","naive_CD8"
"A.HD",0,51.935,0.284922629011128,51.3765619087577,52.4934380912423,1,0.989247365144079,1.01075263485592,"HA5876","naive_CD8"
"A.HD",1,51.9065089766884,0.422297438943479,51.0788212055957,52.7341967477811,0.999451409968007,0.983514416204789,1.01538840373122,"HA5876","naive_CD8"
"A.HD",2,51.8595402298851,0.662380685063801,50.561297943105,53.1577825166651,0.998547034367672,0.973549589739194,1.02354447899615,"HA5876","naive_CD8"
"A.HD",0,51.975,0.156516732131699,51.668232842044,52.281767157956,1,0.99409779397872,1.00590220602128,"HA5877","naive_CD8"
"A.HD",1,51.9658016615057,0.214104487866607,51.5461645763587,52.3854387466526,0.999823023790393,0.99174919819834,1.00789684938245,"HA5877","naive_CD8"
"A.HD",2,51.9518518518518,0.301439632253643,51.3610410291217,52.542662674582,0.999554629184259,0.988187417587719,1.0109218407808,"HA5877","naive_CD8"
"A.HD",0,51.995,0.0707106781186548,51.856409617565,52.133590382435,1,0.997334544043947,1.00266545595605,"HA5894","naive_CD8"
"A.HD",1,51.9931603323584,0.0967275084209922,51.8035778995389,52.1827427651778,0.999964618374043,0.996318451765342,1.00361078498275,"HA5894","naive_CD8"
"A.HD",2,51.9903703703704,0.136183528228521,51.7234555597549,52.2572851809859,0.99991096009944,0.994777489369264,1.00504443082962,"HA5894","naive_CD8"
"A.HD",0,51.955,0.230740560002247,51.502756812623,52.407243187377,1,0.991295482872158,1.00870451712784,"HA5952","naive_CD8"
"A.HD",1,51.938622900267,0.314112336704303,51.3229740332268,52.5542717673071,0.999684782990415,0.987835127191355,1.01153443878947,"HA5952","naive_CD8"
"A.HD",2,51.9140211640212,0.438600910761069,51.054379175343,52.7736631526993,0.999211262900994,0.982665367632432,1.01575715816956,"HA5952","naive_CD8"
"A.HD",0,51.975,0.156516732131699,51.668232842044,52.281767157956,1,0.99409779397872,1.00590220602128,"HA5953","naive_CD8"
"A.HD",1,51.9658016615057,0.214104487866607,51.5461645763587,52.3854387466526,0.999823023790393,0.99174919819834,1.00789684938245,"HA5953","naive_CD8"
"A.HD",2,51.9518518518518,0.301439632253643,51.3610410291217,52.542662674582,0.999554629184259,0.988187417587719,1.0109218407808,"HA5953","naive_CD8"
"A.HD",0,51.985,0.121857483279263,51.746163721526,52.223836278474,1,0.995405669357044,1.00459433064296,"HA5957","naive_CD8"
"A.HD",1,51.979480996932,0.166692938798817,51.6527688404092,52.3061931534549,0.999893834701011,0.993609095708555,1.00617857369347,"HA5957","naive_CD8"
"A.HD",2,51.9711111111111,0.234688486315618,51.5111301303463,52.4310920918759,0.999732828914324,0.990884488416779,1.00858116941187,"HA5957","naive_CD8"
"A.HD",0,50.78,1.14812497349978,48.5297164021894,53.0302835978106,1,0.955685632181753,1.04431436781825,"C27","naive_CD8"
"A.HD",1,50.2790267084528,1.66982224390241,47.0062352498202,53.5518181670854,0.990134436952595,0.92568403406499,1.0545848398402,"C27","naive_CD8"
"A.HD",2,49.4887756180229,2.56742050809209,44.4567238889929,54.5208273470529,0.974572186254882,0.875477036017977,1.07366733649179,"C27","naive_CD8"
"A.HD",0,51.39,0.895494024401444,49.6348639638023,53.1451360361977,1,0.965846739906642,1.03415326009336,"C33","naive_CD8"
"A.HD",1,51.1340960762725,1.32161659294145,48.5437751527367,53.7244169998083,0.995020355638695,0.944615200481353,1.04542551079604,"C33","naive_CD8"
"A.HD",2,50.7236157660123,2.0703929405468,46.6657201686946,54.78151136333,0.987032803386112,0.90807005582204,1.06599555095019,"C33","naive_CD8"
"A.HD",0,51.245,0.841734867960036,49.5952299742668,52.8947700257332,1,0.9678062244954,1.0321937755046,"C39","naive_CD8"
"A.HD",1,50.9495789491466,1.18525940055683,48.6265132117177,53.2726446865756,0.994235124385728,0.94890258974959,1.03956765902187,"C39","naive_CD8"
"A.HD",2,50.4912125524539,1.74271933184297,47.07554542688,53.9068796780279,0.985290517171508,0.918636850948971,1.05194418339405,"C39","naive_CD8"
"COVID19",0,51.91,0.286899909008255,51.347686511176,52.472313488824,1,0.98916753055627,1.01083246944373,"NS0A","naive_CD8"
"COVID19",1,51.8768859812344,0.392460008911392,51.1076784983958,52.646093464073,0.999362087868125,0.984543989566476,1.01418018616977,"NS0A","naive_CD8"
"COVID19",2,51.8266666666667,0.552547972904788,50.7436925400427,52.9096407932907,0.998394657419894,0.977532123676415,1.01925719116337,"NS0A","naive_CD8"
"COVID19",0,50.47,1.30291516980135,47.9163331922785,53.0236668077215,1,0.949402282391093,1.05059771760891,"NS0B","naive_CD8"
"COVID19",1,49.8359882527645,1.93005664298185,46.0531467443978,53.6188297611312,0.987437849272132,0.91248557052502,1.06239012801924,"NS0B","naive_CD8"
"COVID19",2,48.8399285823867,3.02108288311571,42.9187149371694,54.7611422276039,0.967702171238095,0.850380719975618,1.08502362250057,"NS0B","naive_CD8"
"COVID19",0,51.775,0.464168354486314,50.8652467424436,52.6847532575564,1,0.982428715450383,1.01757128454962,"NS1A","naive_CD8"
"COVID19",1,51.6929345914347,0.632199824801218,50.4538457037918,52.9320234790776,0.998414960723026,0.974482775544022,1.02234714590203,"NS1A","naive_CD8"
"COVID19",2,51.569417989418,0.883527519803298,49.8377358712535,53.3011001075824,0.996029318965099,0.962583020207697,1.0294756177225,"NS1A","naive_CD8"
"COVID19",0,51.415,0.75206583161009,49.9409780560411,52.8890219439589,1,0.971330896742994,1.02866910325701,"NS1B","naive_CD8"
"COVID19",1,51.1956220013251,1.03522134631516,49.1666254465203,53.2246185561299,0.995733190728875,0.956270066060883,1.03519631539687,"NS1B","naive_CD8"
"COVID19",2,50.8616876482394,1.47483705005968,47.9710601470571,53.7523151494216,0.989238308825039,0.933016826744279,1.0454597909058,"NS1B","naive_CD8"
"COVID19",0,51.595,0.709572027571238,50.2042643815233,52.9857356184767,1,0.973045147427528,1.02695485257247,"TS2A","naive_CD8"
"COVID19",1,51.4410238954744,0.992002231336877,49.4967352494708,53.3853125414781,0.99701567778805,0.959332013750766,1.03469934182533,"TS2A","naive_CD8"
"COVID19",2,51.2063319855689,1.43236626193886,48.3989456994985,54.0137182716393,0.992466944191664,0.938054960742291,1.04687892764104,"TS2A","naive_CD8"
"COVID19",0,51.665,0.651843154054284,50.3874108944846,52.9425891055154,1,0.975271671237484,1.02472832876252,"TS2B","naive_CD8"
"COVID19",1,51.5429774467774,0.891881620966418,49.79492159121,53.2910333023448,0.997638196976239,0.963803766402981,1.0314726275495,"TS2B","naive_CD8"
"COVID19",2,51.3609563241933,1.24873676018372,48.9134772480619,53.8084354003246,0.994115093858381,0.946743002962585,1.04148718475418,"TS2B","naive_CD8"
"COVID19",0,50.845,0.99292724940605,48.8988983518957,52.7911016481043,1,0.961724817620134,1.03827518237987,"TS3A","naive_CD8"
"COVID19",1,50.3636459190322,1.45718641278785,47.5076130312069,53.2196788068575,0.990532912165055,0.934361550422007,1.0467042739081,"TS3A","naive_CD8"
"COVID19",2,49.5968342661746,2.26867410886029,45.15031472015,54.0433538121993,0.975451554059881,0.88799910945324,1.06290399866652,"TS3A","naive_CD8"
"COVID19",0,51.77,0.456224400396984,50.8758166063535,52.6641833936465,1,0.982727769100899,1.0172722308991,"TS3B","naive_CD8"
"COVID19",1,51.6859150141075,0.621992062644669,50.4668329726542,52.9049970555608,0.998375797066013,0.974827756860231,1.02192383727179,"TS3B","naive_CD8"
"COVID19",2,51.5591005291005,0.870732705093877,49.8524957869554,53.2657052712457,0.99592622231216,0.962961093045304,1.02889135157902,"TS3B","naive_CD8"
